City_ID,City,Country,Lat,Lng,Max Temp,Humidity,Cloudiness,Wind Speed,Current Description
0,Bathsheba,BB,13.2167,-59.5167,81.21,69,40,20.71,Clouds
1,Cidreira,BR,-30.1811,-50.2056,69.33,88,3,14.72,Clear
2,Emerald,AU,-23.5333,148.1667,82.35,66,100,10.04,Rain
3,Cape Town,ZA,-33.9258,18.4232,67.37,72,0,5.75,Clear
4,Batagay-Alyta,RU,67.8006,130.4114,-28.25,98,91,3.0,Clouds
5,Kaeo,NZ,-35.1,173.7833,70.32,65,100,10.83,Clouds
6,Castro,BR,-24.7911,-50.0119,58.78,98,99,9.71,Clouds
7,Lebu,CL,-37.6167,-73.65,54.77,92,4,9.28,Clear
8,Rikitea,PF,-23.1203,-134.9692,75.61,73,21,7.52,Clouds
9,Goderich,CA,43.7501,-81.7165,42.91,93,97,10.36,Clouds
10,Inhambane,MZ,-23.865,35.3833,71.58,94,75,5.01,Clouds
11,Avarua,CK,-21.2078,-159.775,78.85,69,75,12.66,Clouds
12,Ancud,CL,-41.8697,-73.8203,54.18,87,100,3.02,Clouds
13,Punta Arenas,CL,-53.15,-70.9167,55.51,58,75,6.91,Clouds
14,Klaksvik,FO,62.2266,-6.589,49.12,86,84,27.45,Clouds
15,Slobodskoy,RU,58.7322,50.1772,4.3,98,62,1.9,Clouds
16,Esperance,AU,-33.8667,121.9,63.9,57,71,8.7,Clouds
17,Isangel,VU,-19.55,169.2667,87.91,70,52,5.75,Clouds
18,Meulaboh,ID,4.1363,96.1285,83.53,68,98,0.83,Clouds
19,Ushuaia,AR,-54.8,-68.3,49.66,62,0,2.3,Clear
20,Bluff,NZ,-46.6,168.3333,59.81,69,63,12.91,Clouds
21,Senador Guiomard,BR,-10.1522,-67.7392,73.15,71,95,3.69,Clouds
22,Roald,NO,62.5833,6.1333,49.33,81,87,3.44,Clouds
23,Hilo,US,19.7297,-155.09,73.62,93,100,1.01,Clouds
24,Te Anau,NZ,-45.4167,167.7167,56.53,57,82,7.96,Rain
25,Qaanaaq,GL,77.484,-69.3632,-8.05,74,94,6.4,Clouds
26,Yellowknife,CA,62.456,-114.3525,5.56,78,20,16.11,Clouds
27,Ardahan,TR,41.1087,42.7022,23.83,95,70,1.57,Clouds
28,Kismayo,SO,-0.3582,42.5454,79.7,77,81,7.83,Clouds
29,Chapais,CA,49.7834,-74.8492,24.58,94,100,5.93,Clouds
30,Dikson,RU,73.5069,80.5464,5.54,99,98,5.77,Clouds
31,Bengkulu,ID,-3.8004,102.2655,83.01,69,100,4.61,Clouds
32,Cayenne,GF,4.9333,-52.3333,73.44,100,0,1.14,Clear
33,Kudahuvadhoo,MV,2.6708,72.8944,80.82,69,16,7.11,Clouds
34,Vaini,TO,-21.2,-175.2,84.36,79,75,12.66,Clouds
35,East London,ZA,-33.0153,27.9116,61.74,100,20,4.61,Clouds
36,Norman Wells,CA,65.282,-126.8329,-7.56,77,75,10.36,Snow
37,Palora,EC,-1.7,-77.9333,63.82,96,92,2.93,Clouds
38,Trebinje,BA,42.7119,18.3442,46.76,43,0,18.41,Clear
39,Puerto Madryn,AR,-42.7692,-65.0385,65.5,82,60,10.63,Rain
40,Staraya Poltavka,RU,50.4772,46.4814,26.58,53,100,11.56,Clouds
41,El Alto,PE,-4.2714,-81.2147,65.86,84,60,11.14,Clouds
42,Vostok,RU,46.4856,135.8833,19.18,73,100,0.76,Clouds
43,Atuona,PF,-9.8,-139.0333,78.06,72,5,11.68,Clear
44,Thompson,CA,55.7435,-97.8558,19.56,93,100,6.91,Clouds
45,Nador,MA,35.174,-2.9287,62.85,63,0,12.66,Clear
46,Muri,IN,23.3667,85.8667,72.86,40,0,1.88,Clear
47,Mareeba,AU,-17.0,145.4333,83.12,92,95,3.94,Rain
48,Albany,US,42.6001,-73.9662,49.26,93,100,1.99,Clouds
49,Zelenchukskaya,RU,43.858,41.5894,41.85,91,97,0.94,Clouds
50,Cabo San Lucas,MX,22.8909,-109.9124,65.61,63,0,3.47,Clear
51,Filingue,NE,14.3521,3.3168,69.37,16,91,7.31,Clouds
52,Hithadhoo,MV,-0.6,73.0833,81.07,76,86,6.22,Clouds
53,Tazovskiy,RU,67.4667,78.7,8.33,96,98,8.23,Clouds
54,Konstantinovka,RU,49.6167,127.9833,5.0,92,98,3.98,Clouds
55,Carnarvon,AU,-24.8667,113.6333,84.24,44,0,14.58,Clear
56,Tuktoyaktuk,CA,69.4541,-133.0374,-4.77,95,100,8.03,Clouds
57,Sungurlu,TR,40.1675,34.3739,38.3,86,84,3.47,Clouds
58,Jamestown,US,42.097,-79.2353,43.02,78,100,10.36,Mist
59,Nebolchi,RU,59.1239,33.3454,20.21,90,99,8.05,Clouds
60,Ribeira Grande,PT,38.5167,-28.7,67.77,94,100,21.99,Clouds
61,Tambopata,PE,-12.7333,-69.1833,74.28,66,79,1.83,Clouds
62,Chokurdakh,RU,70.6333,147.9167,-40.09,100,95,1.83,Clouds
63,Mataura,NZ,-46.1927,168.8643,59.49,34,41,7.36,Clouds
64,Hermanus,ZA,-34.4187,19.2345,63.81,85,42,16.28,Clouds
65,Varhaug,NO,58.6147,5.6457,48.88,90,100,26.44,Rain
66,Arraial Do Cabo,BR,-22.9661,-42.0278,72.97,91,57,19.93,Clouds
67,Longyearbyen,SJ,78.2186,15.6401,26.44,80,0,3.44,Clear
68,Lagoa,PT,39.05,-27.9833,65.05,91,100,36.48,Clouds
69,Zhuji,CN,29.7188,120.2423,67.35,83,100,8.3,Rain
70,Georgetown,MY,5.4112,100.3354,87.73,77,20,3.44,Clouds
71,Tuatapere,NZ,-46.1333,167.6833,60.67,52,72,4.92,Clouds
72,Upernavik,GL,72.7868,-56.1549,13.08,84,100,4.94,Clouds
73,Sistranda,NO,63.7256,8.834,44.56,73,89,12.44,Clouds
74,Lasa,IT,46.6166,10.7002,38.35,70,100,1.74,Clouds
75,Kruisfontein,ZA,-34.0033,24.7314,63.88,93,3,5.39,Clear
76,Camacha,PT,33.0833,-16.3333,65.62,77,40,12.66,Clouds
77,Baykit,RU,61.67,96.37,-7.37,95,100,4.72,Clouds
78,Vardo,NO,70.3705,31.1107,30.18,86,58,18.41,Clouds
79,Oudtshoorn,ZA,-33.5907,22.2014,61.61,76,2,3.24,Clear
80,Ambilobe,MG,-13.2,49.05,78.1,61,40,3.96,Clouds
81,Victoria,HK,22.2855,114.1577,82.45,84,16,10.0,Clouds
82,Toora-Khem,RU,52.4675,96.11,-11.96,82,100,0.13,Clouds
83,Samur,RU,41.8253,48.486,47.75,89,100,12.88,Clouds
84,Uvat,RU,59.1433,68.8953,-4.61,85,98,7.87,Clouds
85,Inongo,CD,-1.95,18.2667,69.15,96,88,0.74,Clouds
86,Lompoc,US,34.6391,-120.4579,53.58,88,100,1.01,Clouds
87,Mola Di Bari,IT,41.0609,17.0873,48.58,83,39,8.99,Clouds
88,Barcelos,PT,41.5388,-8.6151,48.92,86,51,2.42,Clouds
89,Peniche,PT,39.3558,-9.3811,57.56,82,51,16.26,Clouds
90,Majene,ID,-3.5403,118.9707,86.34,66,86,5.75,Clouds
91,Port Moresby,PG,-9.4431,147.1797,85.1,67,80,8.25,Clouds
92,Kapaa,US,22.0752,-159.319,75.18,85,95,5.44,Clouds
93,Cockburn Town,TC,21.4612,-71.1419,80.31,72,16,15.08,Clouds
94,Merauke,ID,-8.4667,140.3333,83.28,73,99,8.97,Clouds
95,Adrar,MR,20.5022,-10.0711,63.86,34,0,12.33,Clear
96,Harper,LR,4.375,-7.7169,77.4,84,9,7.63,Rain
97,Panaba,MX,21.2833,-88.2667,75.88,85,100,6.29,Clouds
98,Clyde River,CA,70.4692,-68.5914,-17.75,89,3,5.01,Clear
99,Nome,US,64.5011,-165.4064,2.16,87,75,6.04,Clouds
100,Port Elizabeth,ZA,-33.918,25.5701,66.09,97,4,12.68,Clear
101,Hobart,AU,-42.8794,147.3294,60.66,61,75,19.57,Rain
102,Balykshi,KZ,47.0667,51.8667,26.6,46,0,13.42,Clear
103,Ilulissat,GL,69.2167,-51.1,15.82,67,97,4.61,Clouds
104,Mar Del Plata,AR,-38.0023,-57.5575,65.82,98,85,13.0,Clouds
105,Mahebourg,MU,-20.4081,57.7,79.25,78,75,8.05,Clouds
106,Kulhudhuffushi,MV,6.6221,73.07,80.96,71,99,8.01,Clouds
107,Kaliua,TZ,-5.0606,31.7936,65.44,92,66,0.51,Clouds
108,Champerico,GT,14.3,-91.9167,80.01,79,85,4.16,Clouds
109,Kenai,US,60.5544,-151.2583,21.15,82,87,8.37,Clouds
110,Pevek,RU,69.7008,170.3133,-5.37,88,100,2.51,Clouds
111,Bandarbeyla,SO,9.4942,50.8122,78.71,71,76,17.22,Clouds
112,Porto Santo,PT,33.072,-16.3415,68.38,77,40,12.66,Clouds
113,Lorengau,PG,-2.0226,147.2712,84.06,70,65,5.66,Clouds
114,Bredasdorp,ZA,-34.5322,20.0403,62.64,87,44,13.15,Clouds
115,Itarema,BR,-2.9248,-39.9167,77.79,79,93,10.18,Clouds
116,Karratha,AU,-20.7377,116.8463,97.03,25,77,7.4,Clouds
117,Pacific Grove,US,36.6177,-121.9166,51.42,87,100,3.0,Clouds
118,Kodiak,US,57.79,-152.4072,28.4,69,100,7.4,Clouds
119,Codrington,AU,-38.2667,141.9667,61.72,62,91,19.66,Clouds
120,Rawson,AR,-43.3002,-65.1023,65.64,79,97,13.27,Rain
121,Lovozero,RU,68.005,35.0117,24.35,91,100,2.68,Clouds
122,Port Hardy,CA,50.6996,-127.4199,37.8,82,55,6.67,Clouds
123,Khatanga,RU,71.9667,102.5,-27.17,100,100,3.13,Clouds
124,Praia,CV,14.9215,-23.5087,73.94,78,0,13.8,Clear
125,Tasiilaq,GL,65.6145,-37.6368,23.16,59,5,6.93,Clear
126,Pacifica,US,37.6138,-122.4869,56.14,84,40,16.11,Mist
127,Ponta Delgada,PT,37.7333,-25.6667,66.51,94,75,16.11,Drizzle
128,Saint Anthony,US,45.0205,-93.218,31.21,83,0,0.0,Clear
129,Taquara,BR,-29.6506,-50.7806,68.76,96,5,1.9,Clear
130,Varzea Da Palma,BR,-17.5981,-44.7308,68.86,92,100,2.17,Rain
131,Alofi,NU,-19.0595,-169.9187,78.15,73,7,16.71,Clear
132,Kuito,AO,-12.3833,16.9333,58.48,96,100,6.22,Clouds
133,Sarangani,PH,5.4033,125.4636,82.96,71,69,2.08,Clouds
134,Prieska,ZA,-29.6641,22.7474,66.94,54,0,13.33,Clear
135,Safford,US,32.834,-109.7076,40.12,33,0,4.61,Clear
136,Geraldton,AU,-28.7667,114.6,93.61,22,0,14.97,Clear
137,Metu,ET,8.3,35.5833,56.8,98,95,0.56,Clouds
138,Tarauaca,BR,-8.1614,-70.7656,71.06,99,30,3.06,Clouds
139,College,US,64.8569,-147.8028,7.81,87,100,0.0,Snow
140,Okhotsk,RU,59.3833,143.3,-0.2,79,98,22.93,Clouds
141,Kuvandyk,RU,51.4781,57.3552,13.14,84,100,16.8,Clouds
142,Darhan,MN,49.4867,105.9228,-6.32,50,71,11.36,Clouds
143,Bocaiuva,BR,-17.1078,-43.815,68.72,89,100,2.28,Rain
144,Mahanoro,MG,-19.9,48.8,75.67,71,14,5.77,Clouds
145,Saint-Francois,FR,46.4154,3.9054,40.44,100,100,4.61,Rain
146,Souillac,MU,-20.5167,57.5167,77.38,78,75,8.05,Clouds
147,Port Alfred,ZA,-33.5906,26.891,62.19,97,40,13.6,Clouds
148,Broome,US,42.2506,-75.833,48.2,79,40,8.05,Clouds
149,Faanui,PF,-16.4833,-151.75,79.56,73,10,12.71,Clear
150,Dapaong,TG,10.8639,0.205,72.09,22,74,5.68,Clouds
151,Uyemskiy,RU,64.4743,40.8524,8.65,92,100,6.71,Clouds
152,Ucluelet,CA,48.9329,-125.5528,39.09,90,12,7.81,Clouds
153,Busselton,AU,-33.65,115.3333,75.07,36,0,3.02,Clear
154,Mirante Do Paranapanema,BR,-22.2919,-51.9064,68.74,75,49,13.0,Clouds
155,Hit,IQ,33.6416,42.8251,58.51,57,100,5.7,Clouds
156,Piacabucu,BR,-10.4056,-36.4344,76.75,85,97,10.94,Clouds
157,Am Timan,TD,11.0297,20.2827,70.95,28,14,4.63,Clouds
158,Fortuna,US,40.5982,-124.1573,49.66,92,100,0.0,Clouds
159,Padilla,CO,3.2204,-76.3139,65.77,97,97,0.43,Clouds
160,Khandyga,RU,62.6667,135.6,-41.6,97,98,0.76,Clouds
161,Severo-Kurilsk,RU,50.6789,156.125,31.98,85,88,39.1,Snow
162,Coihaique,CL,-45.5752,-72.0662,54.23,92,100,3.67,Clouds
163,Tahoua,NE,14.8888,5.2692,66.49,21,25,9.51,Clouds
164,Dunedin,NZ,-45.8742,170.5036,55.8,76,22,1.99,Clouds
165,Anadyr,RU,64.75,177.4833,23.5,80,20,17.9,Clouds
166,Dingle,PH,10.9995,122.6711,82.44,80,100,10.2,Clouds
167,Buraydah,SA,26.326,43.975,64.47,36,50,7.61,Clouds
168,Butaritari,KI,3.0707,172.7902,81.64,72,54,8.32,Clouds
169,Dakar,SN,14.6937,-17.4441,77.13,69,0,6.91,Clear
170,Korla,CN,41.7597,86.1469,22.05,25,0,15.3,Clear
171,Abashiri,JP,44.0213,144.2697,41.95,64,100,18.34,Clouds
172,Pozo Colorado,PY,-23.4923,-58.7972,74.79,71,0,4.79,Clear
173,Cururupu,BR,-1.8283,-44.8683,75.6,90,100,3.51,Clouds
174,Guerrero Negro,MX,27.9769,-114.0611,62.01,67,0,8.68,Clear
175,Nefteyugansk,RU,61.0998,72.6035,-6.38,87,77,10.11,Clouds
176,Pangnirtung,CA,66.1451,-65.7125,5.86,77,100,4.92,Clouds
177,Singapore,SG,1.2897,103.8501,86.09,70,75,5.75,Clouds
178,Smidovich,RU,48.6,133.8167,16.65,66,53,7.45,Clouds
179,Sao Filipe,CV,14.8961,-24.4956,76.35,62,47,10.69,Clouds
180,Escanaba,US,45.7453,-87.0646,35.91,87,97,5.99,Clouds
181,Tabou,CI,4.423,-7.3528,76.86,85,9,7.54,Rain
182,Namatanai,PG,-3.6667,152.4333,86.41,65,68,10.04,Clouds
183,Matay,EG,28.419,30.7792,58.62,59,77,2.3,Clouds
184,Tocopilla,CL,-22.092,-70.1979,65.79,80,31,3.87,Clouds
185,Kirakira,SB,-10.4544,161.9205,82.85,78,66,7.76,Clouds
186,San Carlos De Bariloche,AR,-41.1456,-71.3082,59.81,80,1,0.65,Clear
187,Mount Gambier,AU,-37.8333,140.7667,61.34,60,88,14.97,Clouds
188,Viedma,AR,-40.8135,-62.9967,64.85,83,0,14.16,Clear
189,Talnakh,RU,69.4865,88.3972,2.21,98,100,9.48,Clouds
190,Aripuana,BR,-9.1667,-60.6333,72.16,95,85,2.51,Rain
191,Puerto Ayora,EC,-0.7393,-90.3518,69.55,91,69,1.99,Clouds
192,Karabuk,TR,41.2049,32.6277,39.76,86,85,3.47,Clouds
193,Airai,TL,-8.9266,125.4092,71.1,73,91,4.12,Clouds
194,Mount Hagen,PG,-5.8581,144.2274,70.9,76,73,1.48,Clouds
195,Kichera,RU,55.9375,110.0997,-11.25,74,64,1.86,Clouds
196,Jamsa,FI,61.8642,25.19,29.14,97,95,4.54,Clouds
197,Vangaindrano,MG,-23.35,47.6,75.34,74,5,8.86,Clear
198,Jinxiang,CN,27.4327,120.6062,70.16,86,100,7.38,Clouds
199,Ruangwa,TZ,-10.0667,38.9333,73.45,72,68,6.04,Clouds
200,Coihueco,CL,-36.6167,-71.8333,54.34,94,0,3.44,Clear
201,Kuntaur,GM,13.6667,-14.8833,72.36,14,4,3.78,Clear
202,Port-Gentil,GA,-0.7193,8.7815,79.03,80,100,6.31,Rain
203,Yazman,PK,29.1212,71.7446,71.49,16,0,4.79,Clear
204,Shiggaon,IN,15.0,75.2333,79.03,63,60,1.5,Clouds
205,Vitry-Le-Francois,FR,48.7333,4.5833,48.61,94,100,12.01,Rain
206,Faya,SA,18.3851,42.4509,45.12,62,0,0.43,Clear
207,Caucaia,BR,-3.7361,-38.6531,80.55,77,40,8.05,Clouds
208,Mackay,AU,-21.15,149.2,79.23,80,100,10.6,Clouds
209,Kanigiri,IN,15.4,79.5167,77.95,76,45,2.44,Clouds
210,Nikolskoye,RU,59.7035,30.7861,22.91,88,100,5.86,Clouds
211,Antofagasta,CL,-23.65,-70.4,63.68,81,26,3.49,Clouds
212,Hofn,IS,64.2539,-15.2082,40.62,62,96,9.6,Clouds
213,Saskylakh,RU,71.9167,114.0833,-25.92,100,100,3.8,Clouds
214,Padang,ID,-0.9492,100.3543,84.45,62,100,3.09,Clouds
215,Ponta Do Sol,PT,32.6667,-17.1,70.0,80,41,6.17,Clouds
216,Mumford,GH,5.2618,-0.759,78.44,83,25,9.17,Clouds
217,Tilichiki,RU,60.4667,166.1,22.91,76,88,17.81,Clouds
218,Ahipara,NZ,-35.1667,173.1667,63.14,60,70,8.88,Clouds
219,Rio Gallegos,AR,-51.6226,-69.2181,53.65,58,0,24.16,Clear
220,Makakilo City,US,21.3469,-158.0858,77.32,67,0,9.22,Clear
221,Neiafu,TO,-18.65,-173.9833,83.08,78,75,10.36,Clouds
222,Marsa Matruh,EG,31.3525,27.2453,61.38,63,89,9.08,Clouds
223,Kavaratti,IN,10.5669,72.642,81.19,71,85,6.58,Clouds
224,Malakal,SS,9.5334,31.6605,76.23,39,100,4.68,Clouds
225,Tazmalt,DZ,36.3868,4.3989,49.28,54,39,5.35,Clouds
226,Mogadishu,SO,2.0371,45.3438,80.44,73,76,12.3,Clouds
227,Mikuni,JP,36.2171,136.1519,65.55,61,98,5.82,Clouds
228,Washington,US,47.5001,-120.5015,32.74,84,34,4.63,Clouds
229,Aklavik,CA,68.2191,-135.0107,-13.83,98,100,1.54,Clouds
230,Melbu,NO,68.5044,14.8297,42.58,65,100,11.5,Clouds
231,Orahovac,XK,42.3994,20.6547,37.26,95,99,3.6,Clouds
232,Victor Harbor,AU,-35.5667,138.6167,64.99,61,83,12.93,Clouds
233,Whitehorse,CA,60.7161,-135.0538,12.31,78,100,5.01,Clouds
234,Sheridan,US,44.8333,-106.9173,39.58,54,0,12.66,Clear
235,Husavik,IS,66.0449,-17.3389,34.38,84,92,14.14,Clouds
236,Arlit,NE,18.7369,7.3853,68.65,24,100,7.96,Clouds
237,Santa Isabel Do Rio Negro,BR,-0.4139,-65.0192,73.15,94,92,1.83,Clouds
238,Laguna,US,38.421,-121.4238,56.08,71,0,0.0,Clear
239,Camopi,GF,3.1655,-52.3158,72.41,98,100,1.86,Clouds
240,Provideniya,RU,64.3833,-173.3,23.11,80,75,13.42,Clouds
241,Talcahuano,CL,-36.7167,-73.1167,55.8,92,46,6.91,Clouds
242,Krutaya Gorka,RU,55.3649,73.2231,-15.12,93,16,4.32,Clouds
243,Opuwo,NA,-18.0607,13.84,61.45,29,3,1.3,Clear
244,Hastings,GB,50.8552,0.5729,50.52,96,99,9.42,Clouds
245,Constitucion,CL,-35.3333,-72.4167,56.5,91,81,4.23,Clouds
246,Zhigansk,RU,66.7697,123.3711,-27.6,96,100,11.99,Clouds
247,Macomer,IT,40.262,8.7699,40.37,81,68,2.04,Clouds
248,Acapulco,MX,16.8634,-99.8901,78.62,89,75,0.0,Clouds
249,Bireun,ID,5.203,96.7009,83.5,72,96,3.44,Clouds
250,Cherskiy,RU,68.75,161.3,-11.9,97,100,5.97,Clouds
251,Pervomayskoye,RU,43.919,46.7102,42.33,75,100,5.95,Clouds
252,Baherden,TM,38.4362,57.4316,53.82,54,9,2.98,Clear
253,Benito Juarez,MX,19.385,-99.165,64.22,52,75,6.91,Clouds
254,Colares,PT,38.7992,-9.4469,57.33,72,56,18.01,Clouds
255,Palembang,ID,-2.9167,104.7458,86.09,66,20,5.75,Clouds
256,Teresopolis,BR,-22.4122,-42.9656,60.64,97,52,2.04,Clouds
257,Sao Jose Da Coroa Grande,BR,-8.8978,-35.1478,76.55,82,32,8.32,Clouds
258,Svarstad,NO,59.399,9.9698,43.83,45,100,1.01,Rain
259,Barrow,US,71.2906,-156.7887,-9.38,77,0,11.5,Clear
260,Havre-Saint-Pierre,CA,50.2334,-63.5986,31.1,88,100,2.19,Clouds
261,Ambanja,MG,-13.6833,48.45,76.33,80,15,2.19,Clouds
262,Mangrol,IN,21.1167,70.1167,76.42,32,0,7.02,Clear
263,San Clemente,US,33.427,-117.612,59.45,91,100,5.99,Clouds
264,Saldanha,ZA,-33.0117,17.9442,62.96,71,53,7.2,Clouds
265,Preeceville,CA,51.95,-102.6677,24.64,96,99,7.7,Clouds
266,Mana,GF,5.6592,-53.7767,77.56,87,91,10.2,Clouds
267,Balkhash,KZ,46.844,74.9804,0.21,50,0,22.37,Clear
268,Tyn Nad Vltavou,CZ,49.2234,14.4206,36.28,87,100,10.67,Clouds
269,Bobrovka,RU,54.047,61.7455,6.24,85,100,5.84,Clouds
270,Ceyhan,TR,37.0247,35.8175,55.74,66,84,5.77,Clouds
271,Shelburne,CA,44.0787,-80.2041,35.76,99,100,10.29,Clouds
272,Karpathos,GR,35.507,27.2132,62.56,88,100,18.41,Rain
273,North Platte,US,41.1239,-100.7654,37.11,63,67,7.0,Clouds
274,Pisco,PE,-13.7,-76.2167,68.05,83,100,10.36,Clouds
275,Xining,CN,36.6167,101.7667,29.46,48,11,6.38,Clouds
276,Sobolevo,RU,54.4299,31.8996,30.52,98,100,7.52,Snow
277,Salalah,OM,17.0151,54.0924,77.09,33,0,9.22,Clear
278,Ambatondrazaka,MG,-17.8333,48.4167,67.06,68,2,1.97,Clear
279,Gyor,HU,47.6833,17.6351,39.31,93,100,8.05,Mist
280,Svetlaya,RU,46.5389,138.3297,27.77,46,94,1.95,Clouds
281,Star,US,43.6921,-116.4935,42.44,85,100,11.5,Mist
282,Rafaela,AR,-31.2503,-61.4867,78.98,42,0,1.99,Clear
283,Holland,US,42.7875,-86.1089,40.44,74,100,7.0,Clouds
284,Carman,CA,49.4992,-98.0016,27.9,85,100,14.45,Clouds
285,Honningsvag,NO,70.9821,25.9704,35.35,75,33,24.16,Clouds
286,Baisha,CN,26.5222,110.9311,78.53,75,73,5.7,Clouds
287,New Norfolk,AU,-42.7826,147.0587,60.3,57,100,10.0,Rain
288,Sitka,US,57.0531,-135.33,30.09,80,0,4.61,Clear
289,Ostrovnoy,RU,68.0531,39.5131,26.08,84,100,20.67,Clouds
290,Kholtoson,RU,50.2981,103.3097,-12.37,63,93,2.82,Clouds
291,Saint-Philippe,RE,-21.3585,55.7679,78.39,76,100,8.57,Clouds
292,Los Llanos De Aridane,ES,28.6585,-17.9182,65.95,73,40,10.36,Clouds
293,Suntar,RU,62.1444,117.6319,-13.14,88,83,8.01,Clouds
294,Kahului,US,20.8947,-156.47,75.85,82,20,6.91,Clouds
295,Sao Joao Da Barra,BR,-21.6403,-41.0511,72.75,93,99,14.12,Clouds
296,Itupiranga,BR,-5.1347,-49.3267,77.32,91,35,0.81,Clouds
297,Port Lincoln,AU,-34.7333,135.8667,63.3,59,65,15.37,Clouds
298,Umm Kaddadah,SD,13.6017,26.6876,65.71,37,80,10.16,Clouds
299,Soyo,AO,-6.1349,12.3689,76.33,84,100,2.15,Clouds
300,Susanville,US,40.4163,-120.653,39.04,60,20,10.36,Clouds
301,Acarau,BR,-2.8856,-40.12,77.74,80,95,10.16,Clouds
302,Comodoro Rivadavia,AR,-45.8667,-67.5,55.26,88,0,8.05,Clear
303,Quatre Cocos,MU,-20.2078,57.7625,79.09,69,61,7.85,Clouds
304,Mahenge,TZ,-8.6833,36.7167,64.51,88,95,2.64,Clouds
305,Bethel,US,41.3712,-73.414,58.51,81,0,8.05,Clear
306,Bubaque,GW,11.2833,-15.8333,81.59,58,96,8.39,Clouds
307,Kavieng,PG,-2.5744,150.7967,85.14,64,100,9.64,Clouds
308,Orchard Homes,US,46.8633,-114.0484,28.54,64,100,11.5,Clouds
309,Bonfim,BR,3.0833,-59.95,76.89,86,100,3.78,Clouds
310,Bosaso,SO,11.2842,49.1816,77.07,74,47,4.38,Clouds
311,Aksehir,TR,38.3575,31.4164,38.17,71,80,3.58,Clouds
312,Paragominas,BR,-2.9667,-47.4833,74.71,89,100,3.02,Clouds
313,Nemuro,JP,43.3236,145.575,43.66,55,91,11.81,Clouds
314,Juneau,US,58.3019,-134.4197,28.4,100,100,3.44,Clouds
315,Sur,OM,22.5667,59.5289,78.8,50,43,1.74,Clouds
316,Gobabis,NA,-22.45,18.9667,67.32,60,12,10.98,Clouds
317,Vestmanna,FO,62.1564,-7.1664,47.32,87,100,14.97,Clouds
318,Tiksi,RU,71.6872,128.8694,-29.51,99,59,6.98,Clouds
319,Dali,CN,25.7,100.1833,61.47,29,3,6.06,Clear
320,Shubarshi,KZ,48.5872,57.1869,22.86,36,100,15.41,Clouds
321,San Patricio,US,28.017,-97.5169,65.84,90,0,3.02,Clear
322,Mnogovershinnyy,RU,53.9353,139.9242,9.66,83,97,16.35,Clouds
323,Bay Roberts,CA,47.5999,-53.2648,42.51,97,97,4.0,Clouds
324,Ayna,PE,-12.65,-73.9167,60.49,94,99,1.07,Clouds
325,Broken Hill,AU,-31.95,141.4333,71.47,30,2,13.22,Clear
326,Marzuq,YE,14.4,46.4667,64.24,41,64,1.1,Clouds
327,Lichtenstein,DE,50.75,12.65,38.14,78,99,5.03,Snow
328,Sundargarh,IN,22.1167,84.0333,70.79,45,0,3.8,Clear
329,Hammerfest,NO,70.6634,23.6821,34.25,75,20,5.75,Clouds
330,Puerto Escondido,MX,15.85,-97.0667,79.63,65,0,5.75,Clear
331,Northam,GB,51.0333,-4.2167,47.39,83,36,13.09,Rain
332,Tabuk,PH,17.4189,121.4443,85.86,60,3,5.48,Clear
333,Banda Aceh,ID,5.5577,95.3222,84.47,67,84,2.15,Clouds
334,Reconquista,AR,-29.15,-59.65,79.97,50,0,12.26,Clear
335,Koulamoutou,GA,-1.1303,12.4736,69.17,99,99,1.1,Clouds
336,Selikhino,RU,50.3672,137.4996,16.03,83,100,12.3,Clouds
337,Vila Velha,BR,-20.3297,-40.2925,73.35,100,100,16.11,Mist
338,Avera,US,33.194,-82.5271,57.25,68,1,11.21,Clear
339,Abnub,EG,27.2696,31.1511,60.24,54,100,3.89,Clouds
340,Beni Mazar,EG,28.4962,30.8029,58.53,59,78,2.04,Clouds
341,Sao Felix Do Xingu,BR,-6.6447,-51.995,70.66,97,81,0.69,Rain
342,Dhoraji,IN,21.7333,70.45,76.68,27,0,6.6,Clear
343,Burnie,AU,-41.0667,145.9167,59.94,64,95,17.83,Rain
344,Urucara,BR,-2.5364,-57.76,73.96,93,89,1.45,Clouds
345,Saint George,US,37.1041,-113.5841,43.39,50,0,3.44,Clear
346,Evensk,RU,61.95,159.2333,18.95,85,100,23.44,Snow
347,Komsomolskiy,UZ,40.4272,71.7189,38.12,93,100,0.0,Fog
348,Skjervoy,NO,70.0311,20.9714,33.8,69,89,11.97,Clouds
349,Sulina,RO,45.1559,29.6536,43.16,77,100,13.35,Clouds
350,Santa Maria,BR,-29.6842,-53.8069,64.94,86,0,8.39,Clear
351,Chuy,UY,-33.6971,-53.4616,65.53,97,12,8.39,Clouds
352,Porto Novo,BJ,6.4965,2.6036,77.4,87,29,4.61,Rain
353,Alice Springs,AU,-23.7,133.8833,81.95,28,40,12.66,Clouds
354,Saraza,PH,8.7356,117.78,86.52,65,42,9.73,Clouds
355,Tutoia,BR,-2.7619,-42.2744,79.39,80,97,10.76,Clouds
356,Lavrentiya,RU,65.5833,-171.0,11.08,95,82,5.1,Clouds
357,Nanortalik,GL,60.1432,-45.2371,29.64,84,97,9.1,Clouds
358,Iranshahr,IR,27.2025,60.6848,64.74,20,0,0.0,Clear
359,Tezu,IN,27.9167,96.1667,76.3,25,0,3.11,Clear
360,Laredo,US,27.5064,-99.5075,61.09,59,0,9.22,Clear
361,Bhatkal,IN,13.9667,74.5667,82.2,72,55,3.15,Clouds
362,Belluno,IT,46.145,12.2214,35.31,85,91,3.76,Clouds
363,Torbay,CA,47.6666,-52.7314,41.76,97,100,10.36,Fog
364,Malaut,IN,30.2167,74.4833,68.65,20,1,3.91,Clear
365,Thai Binh,VN,20.45,106.3333,85.06,70,16,14.63,Clouds
366,La Romana,DO,18.4273,-68.9728,72.45,89,9,8.84,Clear
367,Tautira,PF,-17.7333,-149.15,78.4,77,42,12.5,Clouds
368,Qinhuangdao,CN,39.9317,119.5883,42.39,73,100,7.02,Rain
369,Puerto Suarez,BO,-18.95,-57.8,76.26,41,0,3.42,Clear
370,Amapa,BR,1.0,-52.0,71.69,98,97,1.63,Clouds
371,Sorland,NO,67.667,12.6934,44.85,71,100,16.53,Clouds
372,Tahe,CN,52.3333,124.7333,4.1,78,94,4.07,Clouds
373,Bilibino,RU,68.0546,166.4372,-0.89,93,100,2.71,Clouds
374,Emba,KZ,48.8264,58.1442,20.19,47,100,17.2,Clouds
375,Upington,ZA,-28.4478,21.2561,70.9,33,0,6.8,Clear
376,Bukama,CD,-9.2,25.85,66.16,97,97,2.86,Clouds
377,Lazaro Cardenas,MX,17.9583,-102.2,75.67,82,24,3.83,Clouds
378,Alihe,CN,50.5667,123.7167,7.61,83,100,1.88,Clouds
379,Srandakan,ID,-7.9386,110.2506,77.79,87,100,5.46,Rain
380,Narsaq,GL,60.9167,-46.05,26.82,77,100,8.23,Clouds
381,Heilbron,ZA,-27.2812,27.9709,57.47,85,99,15.59,Clouds
382,Ketchikan,US,55.3422,-131.6461,30.67,93,0,3.44,Clear
383,Dubna,RU,56.7333,37.1667,18.14,94,100,7.02,Clouds
384,Villa Carlos Paz,AR,-31.4241,-64.4978,79.39,30,5,3.0,Clear
385,Aksu,CN,41.1231,80.2644,25.07,24,0,9.08,Clear
386,Kingsport,US,36.5484,-82.5618,54.79,68,100,12.66,Clouds
387,Ocos,GT,14.5094,-92.1933,78.98,79,100,3.8,Rain
388,Lodwar,KE,3.1191,35.5973,79.25,60,64,11.92,Clouds
389,Benalla,AU,-36.55,145.9833,63.86,49,32,12.5,Clouds
390,Sibolga,ID,1.7427,98.7792,85.23,64,89,3.8,Clouds
391,Xunchang,CN,28.4543,104.715,63.5,78,100,1.14,Clouds
392,Bereda,ES,43.2686,-7.5406,46.42,100,92,3.58,Clouds
393,Aykhal,RU,66.0,111.5,-10.41,99,100,5.19,Clouds
394,Nara,JP,34.6851,135.8049,66.9,50,71,2.64,Clouds
395,Muros,ES,42.7762,-9.0603,47.68,71,18,13.6,Clouds
396,Kushiro,JP,42.975,144.3747,45.7,58,74,16.53,Clouds
397,Shahreza,IR,32.0339,51.8794,46.74,56,2,1.48,Clear
398,Leon Valley,US,29.4952,-98.6186,59.14,70,0,6.91,Clear
399,Nipawin,CA,53.3668,-104.0009,23.04,100,100,16.11,Clouds
400,Wasilla,US,61.5814,-149.4394,10.06,86,0,1.01,Mist
401,Kaitangata,NZ,-46.2817,169.8464,59.11,63,20,11.54,Clouds
402,Luau,AO,-10.7073,22.2247,62.11,98,100,0.87,Clouds
403,Luwuk,ID,-0.9516,122.7875,85.77,69,100,2.33,Clouds
404,Gulu,UG,2.7746,32.299,65.05,91,66,0.98,Rain
405,Vila Franca Do Campo,PT,37.7167,-25.4333,66.2,90,100,18.48,Clouds
406,Hami,CN,42.8,93.45,13.06,26,0,7.0,Clear
407,Tawang,IN,27.5833,91.8667,52.66,28,0,5.23,Clear
408,Bermeo,ES,43.4209,-2.7215,53.24,76,100,22.73,Clouds
409,Nouadhibou,MR,20.931,-17.0347,69.62,57,0,13.98,Clear
410,Consuegra,ES,39.4625,-3.608,44.65,86,70,9.86,Clouds
411,Henties Bay,NA,-22.116,14.2845,56.64,84,17,5.55,Clouds
412,Ekhabi,RU,53.5102,142.9671,19.08,88,100,18.77,Snow
413,Rio Claro,BR,-22.4114,-47.5614,65.48,85,58,7.85,Clouds
414,Maragogi,BR,-9.0122,-35.2225,76.26,82,25,8.12,Clouds
415,Cardston,CA,49.2,-113.3019,20.86,81,100,10.6,Snow
416,The Valley,AI,18.217,-63.0578,79.83,71,22,18.32,Clouds
417,Sanandaj,IR,35.3144,46.9923,32.02,93,0,0.0,Clear
418,Hovd,MN,48.0056,91.6419,-5.19,72,53,0.49,Clouds
419,San Pedro,PH,14.35,121.0167,89.35,65,20,6.91,Clouds
420,San Cristobal,VE,7.7669,-72.225,68.18,99,100,1.81,Rain
421,Srednekolymsk,RU,67.45,153.6833,-25.89,93,100,4.47,Clouds
422,Lagunas,PE,-5.2269,-75.6753,71.83,98,89,1.81,Clouds
423,Uray,RU,60.1247,64.7758,-4.38,95,60,5.59,Clouds
424,Caudry,FR,50.1249,3.4119,45.99,95,100,5.1,Clouds
425,Touros,BR,-5.1989,-35.4608,77.63,79,98,10.16,Clouds
426,Payo,ID,-3.7508,103.6372,85.03,67,99,2.86,Clouds
427,Urma,RU,42.5389,47.2864,27.07,97,100,2.8,Clouds
428,Pamfila,GR,39.1567,26.5217,53.1,76,20,6.91,Clouds
429,Eyl,SO,7.9803,49.8164,77.72,74,99,12.57,Clouds
430,Bambous Virieux,MU,-20.3428,57.7575,79.21,78,75,8.05,Clouds
431,Oranjemund,NA,-28.55,16.4333,60.22,85,6,5.79,Clear
432,Omboue,GA,-1.5746,9.2618,76.39,85,96,1.05,Rain
433,Kendari,ID,-3.945,122.4989,86.54,67,61,5.19,Clouds
434,Kargasok,RU,59.0556,80.8572,-2.43,85,100,8.61,Clouds
435,Perugia,IT,43.05,12.55,40.3,90,66,2.3,Clouds
436,Nuuk,GL,64.1835,-51.7216,30.24,85,100,12.01,Snow
437,Pareora,NZ,-44.4871,171.2132,63.18,70,47,11.68,Clouds
438,Tena,EC,-0.9833,-77.8167,68.81,91,100,2.95,Clouds
439,Dinan,FR,48.4167,-2.25,46.45,93,13,8.68,Clouds
440,Marienburg,PL,54.0359,19.0266,37.85,92,30,5.77,Clouds
441,Asosa,ET,10.0667,34.5333,62.92,55,100,3.83,Clouds
442,Calipan,MX,18.2958,-97.1667,68.59,79,69,2.82,Rain
443,Crotone,IT,39.0851,17.1178,48.2,74,6,17.27,Clear
444,Maceio,BR,-9.6658,-35.7353,74.64,94,0,2.3,Clear
445,Matadi,CD,-5.8167,13.45,74.41,96,100,0.67,Clouds
446,Tougan,BF,13.0667,-3.0667,70.48,19,99,5.97,Clouds
447,Pietarsaari,FI,63.65,22.6833,30.88,94,90,10.89,Clouds
448,Seohara,IN,29.2167,78.5833,67.28,53,0,3.47,Clear
449,Loviisa,FI,60.4566,26.2251,33.75,91,100,8.16,Clouds
450,Luanda,AO,-8.8368,13.2343,75.2,94,75,4.61,Clouds
451,Makungu,TZ,-8.7333,35.2833,61.84,87,34,1.72,Clouds
452,Gamba,GA,-2.65,10.0,73.72,94,100,4.74,Rain
453,Princeton,US,25.5384,-80.4089,77.02,97,0,0.0,Clear
454,Erzin,TR,36.9559,36.2,53.2,69,88,7.87,Clouds
455,Malumfashi,NG,11.7853,7.6218,60.57,24,18,8.3,Clouds
456,Chicama,PE,-7.8447,-79.1469,63.14,83,84,3.31,Clouds
457,Savannakhet,LA,16.566,104.751,86.04,63,13,5.95,Clouds
458,Hambantota,LK,6.1241,81.1185,80.62,75,73,1.52,Clouds
459,Bairiki,KI,1.3292,172.9752,86.0,74,20,8.05,Clouds
460,Walvis Bay,NA,-22.9575,14.5053,60.1,86,13,4.74,Clouds
461,Mbaiki,CF,3.8678,17.9892,67.33,98,100,2.21,Clouds
462,Alibag,IN,18.6411,72.8792,86.07,61,12,5.48,Clouds
463,Ruzomberok,SK,49.0748,19.3075,39.7,91,85,3.65,Clouds
464,Berlevag,NO,70.8578,29.0864,30.15,80,23,6.91,Clouds
465,Santa Rosa,PH,14.3122,121.1114,90.1,69,44,12.33,Clouds
466,Najran,SA,17.4924,44.1277,59.76,48,0,1.59,Clear
467,Takoradi,GH,4.8845,-1.7554,77.45,87,71,7.61,Clouds
468,Cochrane,CA,51.1834,-114.4687,14.47,69,83,18.14,Clouds
469,Novosysoyevka,RU,44.235,133.3642,30.25,73,100,5.1,Snow
470,Okha,RU,53.5739,142.9478,20.12,82,100,18.95,Snow
471,San Jose,US,37.3394,-121.895,55.45,68,40,4.61,Clouds
472,Buala,SB,-8.145,159.5921,82.04,79,97,3.58,Rain
473,Evanston,US,42.0411,-87.6901,39.96,78,75,5.75,Clouds
474,Sedalia,US,38.7045,-93.2283,39.11,81,0,4.61,Clear
475,Ambulu,ID,-8.345,113.6058,81.25,82,100,3.91,Clouds
476,Kilrush,IE,52.6397,-9.4833,46.15,84,87,25.03,Clouds
477,Abramovka,RU,51.1886,41.0202,29.25,72,100,10.6,Clouds
478,Hobyo,SO,5.3505,48.5268,81.23,69,93,16.6,Clouds
479,Lingolsheim,FR,48.5575,7.6825,41.34,100,100,2.3,Mist
480,Rafai,CF,4.95,23.9167,66.22,98,27,1.79,Clouds
481,Lagawe,PH,16.8,121.1192,85.39,54,9,5.32,Clear
482,Obidos,BR,-1.9175,-55.5181,73.96,92,64,3.11,Clouds
483,Galle,LK,6.0367,80.217,81.7,71,71,0.51,Clouds
484,Griffith,US,41.5284,-87.4237,42.26,74,100,8.05,Clouds
485,Vila Do Maio,CV,15.1333,-23.2167,74.19,61,65,17.69,Clouds
486,Dhidhdhoo,MV,6.8833,73.1,81.27,71,93,7.49,Clouds
487,Kundiawa,PG,-6.0167,144.9667,69.19,89,98,1.5,Clouds
488,Nantucket,US,41.2835,-70.0995,60.94,94,100,17.27,Mist
489,Waipawa,NZ,-41.4122,175.5153,59.16,56,36,3.53,Clouds
490,Deputatskiy,RU,69.3,139.9,-32.62,93,95,3.31,Clouds
491,Chumikan,RU,54.7183,135.315,4.95,75,17,20.13,Clouds
492,Bandar-E Lengeh,IR,26.5579,54.8807,71.71,78,0,9.22,Clear
493,Eaton Socon,GB,52.2175,-0.2893,45.37,97,97,6.82,Clouds
494,Shitanjing,CN,39.2342,106.3439,14.85,33,1,22.73,Clear
495,Akureyri,IS,65.6835,-18.0878,24.89,89,68,5.39,Clouds
496,Petropavlovsk-Kamchatskiy,RU,53.0452,158.6483,30.79,80,75,6.71,Clouds
497,Riyadh,SA,24.6877,46.7219,59.14,33,4,3.47,Clear
498,Kramat,ID,-8.1311,113.4499,82.02,82,100,3.91,Clouds
499,Raga,SS,8.4596,25.678,69.78,37,96,1.07,Clouds
500,Mahanje,TZ,-9.9333,35.3333,65.77,82,82,3.51,Clouds
501,Pringsewu,ID,-5.3582,104.9744,87.46,58,99,5.66,Clouds
502,Andros Town,BS,24.7,-77.7667,76.96,75,77,7.63,Clouds
503,Misratah,LY,32.3754,15.0925,66.42,66,4,18.5,Clear
504,Fairbanks,US,64.8378,-147.7164,8.56,85,100,0.0,Snow
505,Fernie,CA,49.5,-115.0687,19.02,96,99,1.99,Snow
506,Thinadhoo,MV,0.5333,72.9333,80.56,75,67,5.39,Clouds
507,Jega,NG,12.2175,4.3792,67.62,21,2,8.68,Clear
508,Worland,US,44.0169,-107.9554,34.95,93,0,4.61,Clear
509,Tartagal,AR,-22.5164,-63.8013,72.61,30,13,3.85,Clouds
510,Bam,IR,29.106,58.357,64.17,20,0,4.27,Clear
511,Harrison,US,30.4091,-89.0436,64.47,82,0,9.22,Clear
512,Gainesville,US,29.6516,-82.3248,62.74,89,0,9.22,Clear
513,Yerbogachen,RU,61.2767,108.0108,-13.13,93,100,10.0,Clouds
514,Pingxiang,CN,27.6167,113.85,78.3,78,40,3.0,Clouds
515,Veraval,IN,20.9,70.3667,77.5,33,0,6.96,Clear
516,Margate,GB,51.3813,1.3862,47.3,97,100,1.01,Clouds
517,Ewa Beach,US,21.3156,-158.0072,77.99,68,0,9.22,Clear
518,Angoche,MZ,-16.2325,39.9086,76.64,85,50,8.37,Clouds
519,Kieta,PG,-6.2167,155.6333,82.47,81,69,7.25,Rain
520,Ust-Tsilma,RU,65.441,52.1498,10.22,94,100,5.46,Clouds
521,Tadine,NC,-21.55,167.8833,81.72,66,62,8.52,Clouds
522,Gibara,CU,21.1097,-76.1317,74.52,85,10,9.46,Clear
523,Espanola,US,35.9911,-106.0806,40.64,47,0,2.51,Clear
524,Merrill,US,45.1805,-89.6835,28.35,81,0,0.0,Clear
525,Aswan,EG,24.0934,32.907,66.83,36,100,6.55,Clouds
526,Townsville,AU,-19.25,146.8,83.28,74,40,10.36,Clouds
527,Beloha,MG,-25.1667,45.05,76.41,71,56,8.3,Clouds
528,Cobija,BO,-11.0267,-68.7692,75.07,59,72,1.7,Clouds
529,Rassvet,RU,46.8333,40.75,38.46,76,100,8.28,Clouds
530,Troitsko-Pechorsk,RU,62.7084,56.1964,-12.19,100,56,2.15,Clouds
531,Svay Rieng,KH,11.0879,105.7993,86.18,67,21,7.96,Clouds
532,Vao,NC,-22.6667,167.4833,76.68,82,59,17.05,Clouds
533,Anchorage,US,61.2181,-149.9003,12.34,83,0,13.8,Clear
534,Palampur,IN,32.1167,76.5333,61.88,24,1,2.39,Clear
535,Kailua,US,21.4022,-157.7394,78.03,76,100,1.01,Clouds
536,Wagar,SD,16.1525,36.2032,73.8,65,5,6.64,Clear
537,Rabo De Peixe,PT,37.8,-25.5833,65.28,98,75,13.8,Drizzle
538,Moroni,KM,-11.7022,43.2551,77.86,77,4,2.75,Clear
539,Beipiao,CN,41.7919,120.7792,31.26,43,100,16.8,Clouds
540,Madang,PG,-5.2246,145.7966,83.21,74,100,3.89,Clouds
541,Batticaloa,LK,7.7102,81.6924,80.92,69,37,4.29,Clouds
542,Danville,US,36.586,-79.395,59.56,87,0,9.22,Clear
543,San Vicente,AR,-26.6167,-54.1333,62.13,94,96,5.3,Clouds
544,Belyy Yar,RU,53.6039,91.3903,-9.51,77,51,4.47,Clouds
545,Auka,HN,14.9333,-83.8333,74.03,98,100,1.59,Clouds
546,Leningradskiy,RU,69.3833,178.4167,-1.71,86,99,6.82,Clouds
547,Gravdal,NO,68.1214,13.5031,44.49,57,40,12.66,Clouds
548,Stillwater,US,36.1156,-97.0584,43.07,87,0,3.44,Clear
549,Tura,IN,25.5198,90.2201,73.65,49,0,1.28,Clear
550,Amos,CA,48.5669,-78.1162,24.19,91,100,8.77,Clouds
551,Wattegama,LK,6.7989,81.4808,81.63,65,76,3.94,Clouds
552,Saint-Pierre,RE,-21.3393,55.4781,80.91,65,0,3.44,Clear
553,Shimoda,JP,34.6667,138.95,62.96,83,100,5.97,Clouds
554,Portree,GB,57.4129,-6.1942,45.52,90,76,9.08,Clouds
555,Sinnamary,GF,5.3833,-52.95,78.26,86,100,9.42,Clouds
556,Ambon,ID,-3.6954,128.1814,89.74,58,40,11.5,Clouds
557,Pericos,MX,25.05,-107.7,62.51,45,0,4.41,Clear
558,Gizo,SB,-8.103,156.8419,83.41,74,83,4.83,Rain
559,Potam,MX,27.6,-110.3833,64.69,52,0,7.67,Clear
560,Klyuchi,RU,52.2667,79.1667,-11.22,82,4,5.46,Clear
561,Luderitz,NA,-26.6481,15.1594,57.97,93,35,8.23,Clouds
562,Boende,CD,-0.2167,20.8667,69.46,94,98,1.88,Clouds
563,Penapolis,BR,-21.4197,-50.0775,70.45,71,70,10.6,Clouds
564,Nabire,ID,-3.3667,135.4833,80.82,78,100,2.62,Clouds
565,Itapaci,BR,-14.9508,-49.5494,67.91,93,11,1.48,Clouds
566,Nizhniy Kuranakh,RU,58.8353,125.4869,-15.9,91,100,3.13,Clouds
567,Yarada,IN,17.65,83.2667,79.12,69,23,3.44,Haze
568,Grindavik,IS,63.8424,-22.4338,36.07,80,100,11.5,Clouds
569,Culpeper,US,38.5004,-77.9664,56.66,95,40,1.99,Mist
570,Batemans Bay,AU,-35.7167,150.1833,62.1,81,95,7.16,Clouds
571,Rovaniemi,FI,66.5,25.7167,26.01,93,100,6.91,Clouds
572,Christchurch,NZ,-43.5333,172.6333,65.41,63,18,17.27,Clouds
573,Hoquiam,US,46.9809,-123.8893,43.93,88,100,0.0,Clouds
574,Port Macquarie,AU,-31.4333,152.9167,73.22,71,27,12.48,Rain
575,Sonoita,MX,31.85,-112.8333,56.73,24,3,2.3,Clear
576,Pelotas,BR,-31.7719,-52.3425,66.04,92,7,7.47,Clear
577,Horta,PT,38.5333,-28.6333,67.01,94,100,21.99,Clouds
578,Tomatlan,MX,19.9333,-105.25,69.35,88,0,3.09,Clear
579,Alta Floresta,BR,-9.8756,-56.0861,69.76,99,100,3.06,Clouds
580,Bintulu,MY,3.1667,113.0333,90.01,66,40,3.44,Clouds
581,San Juan De La Maguana,DO,18.8059,-71.2299,68.58,90,21,1.25,Clouds
582,Bulgan,MN,48.8125,103.5347,-9.85,63,95,2.62,Clouds
583,Gisborne,NZ,-38.6533,178.0042,64.87,58,34,14.47,Clouds
584,Tiznit,MA,29.5833,-9.5,61.38,29,0,4.72,Clear
585,Bilsanda,IN,28.25,79.95,68.95,54,0,4.0,Clear
586,Flinders,AU,-34.5833,150.8552,72.37,69,16,4.0,Clouds
587,Taltal,CL,-25.4,-70.4833,63.0,84,11,2.04,Clouds
588,Kralendijk,BQ,12.15,-68.2667,80.58,83,76,9.22,Clouds
589,Kamsack,CA,51.5667,-101.9009,26.94,92,99,9.48,Clouds
590,Sawtell,AU,-30.3833,153.1,78.82,73,40,9.22,Clouds
591,Zhuhai,CN,22.2769,113.5678,83.98,94,40,9.22,Clouds
592,Caravelas,BR,-17.7125,-39.2481,72.37,98,100,3.83,Clouds
593,Odesskoye,RU,54.2111,72.9651,-9.51,88,12,7.14,Clouds
594,Kayasula,RU,44.325,45.0,41.77,77,100,5.73,Clouds
595,Jacareacanga,BR,-6.2222,-57.7528,71.65,98,93,0.96,Clouds
596,Rhyl,GB,53.3196,-3.4886,47.84,3,100,7.92,Rain
597,Kerman,IR,30.2832,57.0788,37.26,44,0,0.0,Clear
598,Russell,US,32.3502,-85.1999,56.48,83,1,5.3,Clear
599,Ambunti,PG,-4.2365,142.8448,93.96,47,81,1.68,Clouds
600,Solnechnyy,RU,50.7214,136.6319,17.11,68,15,3.51,Clouds
601,Taoudenni,ML,22.6783,-3.9836,64.76,22,88,15.61,Clouds
602,Jalu,LY,29.0331,21.5482,58.98,45,51,7.83,Clouds
603,Ossora,RU,59.2353,163.0719,32.61,95,100,27.54,Snow
604,Ust-Maya,RU,60.4167,134.5333,-34.62,96,100,1.01,Clouds
605,Ribnica,SI,45.7386,14.7275,39.29,89,100,3.71,Clouds
606,Presidencia Roque Saenz Pena,AR,-26.7852,-60.4388,74.97,61,0,4.21,Clear
607,Ustka,PL,54.5805,16.8619,36.64,80,100,9.53,Clouds
608,Gazli,UZ,40.1333,63.45,47.46,50,100,8.01,Rain
609,Balkanabat,TM,39.5108,54.3671,54.73,81,78,9.84,Clouds
610,Praia Da Vitoria,PT,38.7333,-27.0667,65.75,94,75,28.66,Clouds
611,Kukmor,RU,56.1855,50.8944,3.24,99,84,4.21,Clouds
612,Paris,FR,48.8534,2.3488,48.38,96,100,4.61,Mist
613,Kodinsk,RU,58.6881,99.1844,-9.69,96,100,9.69,Snow
614,Raha,IN,26.2333,92.5167,71.64,68,0,5.17,Clear
615,Mount Isa,AU,-20.7333,139.5,83.97,61,100,11.5,Clouds
616,Kottapalli,IN,18.4833,79.1,72.1,39,5,5.1,Clear
617,Santa Rosalia,MX,27.3167,-112.2833,61.12,46,0,3.4,Clear
618,Bougouni,ML,11.417,-7.479,71.83,24,100,4.72,Clouds
619,Bose,IT,45.4612,8.0137,42.3,80,100,1.23,Clouds
620,Methoni,GR,36.8197,21.7049,54.21,59,99,2.8,Clouds
621,Alanib,PH,8.0278,124.9861,82.36,57,17,4.72,Clouds
622,Lakes Entrance,AU,-37.8811,147.981,67.15,55,68,9.82,Clouds
623,Torquay,GB,50.4638,-3.5143,50.36,94,5,5.01,Clear
624,Great Yarmouth,GB,52.6083,1.7305,48.45,87,100,8.72,Clouds
625,Surt,LY,31.2089,16.5887,65.59,72,26,20.8,Rain
626,Jermuk,AM,39.8417,45.6723,25.03,75,49,3.36,Clouds
627,Mbour,SN,14.422,-16.9638,70.65,34,0,12.62,Clear
628,Florianopolis,BR,-27.6146,-48.5012,67.23,93,75,4.61,Clouds
629,Nioro,GM,13.35,-15.75,70.43,18,5,3.62,Clear
630,Porbandar,IN,21.6422,69.6093,77.04,32,0,6.85,Clear
631,Atasu,KZ,48.6814,71.6433,0.99,66,0,14.05,Clear
632,Rock Sound,BS,24.9,-76.2,80.47,74,75,8.48,Clouds
633,Baltasi,RU,56.3462,50.2062,5.67,98,86,6.6,Clouds
634,Adre,TD,13.4667,22.2,64.44,28,83,6.85,Clouds
635,Saint-Louis,SN,16.3333,-15.0,69.44,14,0,8.57,Clear
636,Woodstock,CA,43.1334,-80.7497,37.65,94,100,12.12,Clouds
637,Vanimo,PG,-2.6741,141.3028,83.59,77,30,6.76,Clouds
638,Peleduy,RU,59.6289,112.7406,-9.54,92,100,11.3,Clouds
639,Tupik,RU,54.4253,119.9327,-4.43,94,94,2.98,Clouds
640,Gorgan,IR,36.8387,54.4348,55.36,94,75,0.0,Clouds
641,Bahia Blanca,AR,-38.7196,-62.2724,70.29,66,53,7.0,Clouds
642,Richards Bay,ZA,-28.783,32.0377,69.26,74,60,7.23,Clouds
643,Vanderhoof,CA,54.0166,-124.0198,16.56,79,100,5.06,Clouds
644,La Ronge,CA,55.1001,-105.2842,23.25,80,100,12.66,Snow
645,Nkongsamba,CM,4.9547,9.9404,64.74,95,95,1.57,Clouds
646,High Rock,BS,26.6208,-78.2833,77.02,81,84,10.92,Clouds
647,Progreso,MX,21.2833,-89.6667,76.1,81,86,8.84,Clouds
648,Qasigiannguit,GL,68.8193,-51.1922,16.05,84,95,5.06,Clouds
649,Makambako,TZ,-8.8453,34.823,58.75,85,80,7.72,Clouds
650,Blackwater,AU,-23.5833,148.8833,75.43,76,100,4.74,Clouds
651,Tarko-Sale,RU,64.9225,77.785,-5.01,93,81,8.75,Clouds
652,Mizdah,LY,31.4451,12.9801,58.15,77,82,13.38,Clouds
653,Ixtapa,MX,20.7,-105.2,71.22,88,0,0.0,Clear
654,Awbari,LY,26.5921,12.7805,49.62,62,0,14.16,Clear
655,Karasuk,RU,53.7377,78.0403,-10.03,87,7,3.15,Clear
656,Mezen,RU,65.8522,44.24,14.59,91,93,7.87,Clouds
657,Palmas,BR,-10.2128,-48.3603,76.87,88,75,3.44,Clouds
658,Sarakhs,IR,36.5449,61.1577,51.94,71,0,0.0,Clear
659,Zeya,RU,53.75,127.2667,3.07,88,65,0.87,Clouds
660,Rupert,US,42.6191,-113.6772,39.18,52,75,17.27,Clouds
661,Ferrol,ES,43.4832,-8.2369,53.67,88,15,16.08,Clouds
662,Kapoeta,SS,4.7717,33.5903,78.87,53,93,10.58,Clouds
663,Pontian Kecil,MY,1.4801,103.3899,89.92,77,35,2.19,Clouds
664,Mabaruma,GY,8.2,-59.7833,72.64,100,100,0.85,Rain
665,Palaikastron,GR,35.2,26.25,60.69,82,100,9.53,Clouds
666,Saint-Ambroise,CA,48.5501,-71.3324,36.14,99,100,2.42,Snow
667,Romans-Sur-Isere,FR,45.0464,5.0562,49.55,78,100,4.9,Clouds
668,Poya,NC,-21.35,165.15,84.63,62,99,3.36,Clouds
669,Lawrenceburg,US,38.0373,-84.8966,45.55,93,100,6.91,Clouds
670,Namibe,AO,-15.1961,12.1522,69.3,84,100,5.95,Clouds
671,Houston,US,29.7633,-95.3633,62.08,82,20,4.61,Clouds
672,Tooele,US,40.5308,-112.2983,38.82,56,0,9.22,Clear
673,Sayyan,YE,15.1718,44.3244,48.47,53,3,4.38,Clear
674,Udachnyy,RU,66.4167,112.4,-8.55,76,100,3.56,Clouds
675,Flums,CH,47.0906,9.343,48.02,61,100,6.11,Rain
676,Asau,RO,46.4333,26.4,33.28,97,100,2.66,Clouds
677,Katsuura,JP,35.1333,140.3,62.55,74,100,9.71,Clouds
678,Cap-Aux-Meules,CA,47.3821,-61.8597,39.22,93,85,6.91,Clouds
679,Gorontalo,ID,0.5412,123.0595,90.16,59,95,3.42,Clouds
680,Kanel,SN,15.4916,-13.1763,74.32,12,57,7.36,Clouds
681,Lata,PT,40.1629,-8.3327,54.81,92,28,1.86,Clouds
682,Jardim,BR,-21.4803,-56.1381,70.88,76,15,2.59,Clouds
683,Tolstoy-Yurt,RU,43.4444,45.7722,41.32,93,100,4.47,Clouds
684,Pangkalanbuun,ID,-2.6833,111.6167,94.01,47,23,2.73,Clouds
685,Marsh Harbour,BS,26.5412,-77.0636,78.87,81,100,8.75,Clouds
686,Hasaki,JP,35.7333,140.8333,57.6,64,100,10.0,Clouds
687,Vicuna,CL,-30.0319,-70.7081,53.33,62,0,0.04,Clear
688,Belmonte,BR,-15.8631,-38.8828,75.96,91,100,11.45,Clouds
689,Edeia,BR,-17.3383,-49.9314,70.65,76,2,4.21,Clear
690,Sharlyk,RU,52.9167,54.75,15.6,85,100,11.99,Clouds
691,Port Hedland,AU,-20.3167,118.5667,89.65,58,57,11.5,Clouds
692,Hibbing,US,47.4272,-92.9377,25.95,86,0,0.0,Clear
693,Ararangua,BR,-28.9347,-49.4858,64.65,94,31,1.97,Clouds
694,Auki,SB,-8.7676,160.7034,82.13,82,49,5.1,Clouds
695,Finschhafen,PG,-6.6024,147.8681,83.66,76,100,4.7,Clouds
696,Hede,CN,33.7681,120.2517,67.51,79,100,8.72,Clouds
697,Miraflores,MX,19.2167,-98.8083,63.25,71,48,2.57,Clouds
698,Rio Cuarto,AR,-33.1307,-64.3499,77.32,41,0,9.22,Clear
699,Necochea,AR,-38.5473,-58.7368,62.94,95,87,14.16,Clouds
700,Saiha,IN,22.4833,92.9667,80.33,61,50,2.28,Clouds
701,Jensen Beach,US,27.2545,-80.2298,76.08,86,0,5.75,Clear
702,Kyzyl-Suu,KG,42.3414,78.0056,31.82,57,32,3.13,Clouds
703,Ennis,IE,52.8436,-8.9864,46.33,87,75,12.66,Clouds
704,Kuytun,RU,54.3419,101.5036,-5.55,85,100,11.56,Clouds
705,Port Blair,IN,11.6667,92.75,86.04,70,20,4.61,Clouds
